GPTjudgedasHallu	IsHallucination	1	2	3	4	5	7	8	11	12
0	0	0.028604786923525978	0.00642148277875073	0.0005837711617046118	0.0017513134851138354	0.0005837711617046118	0.0	0.0011675423234092236	0.0005837711617046118	0.9603035610040864
0	1	0.15384615384615385	0.0	0.0	0.0	0.0	0.0	0.0	0.0	0.8461538461538461
1	0	0.48945147679324896	0.07172995780590717	0.014767932489451477	0.04430379746835443	0.04430379746835443	0.0759493670886076	0.1371308016877637	0.014767932489451477	0.10759493670886076
1	1	0.14875	0.165	0.00125	0.19875	0.0325	0.005	0.44625	0.0	0.0025
