GPTjudgedasHallu	IsHallucination	0	1
0	0	0.8096809680968097	0.19031903190319033
0	1	1.0	0.0
1	0	0.9444444444444444	0.05555555555555555
1	1	1.0	0.0
