GPTjudgedasHallu	IsHallucination	1	2	3	4	5	6	7	8	9	12
0	0	0.11585365853658537	0.018292682926829267	0.0008710801393728223	0.0	0.004355400696864111	0.0	0.025261324041811847	0.0156794425087108	0.002613240418118467	0.8170731707317073
0	1	0.13203883495145632	0.03300970873786408	0.0	0.007766990291262136	0.003883495145631068	0.0	0.10097087378640776	0.2815533980582524	0.0	0.4407766990291262
1	0	0.5	0.08238636363636363	0.0	0.002840909090909091	0.002840909090909091	0.005681818181818182	0.1590909090909091	0.028409090909090908	0.03125	0.1875
1	1	0.17563451776649747	0.05482233502538071	0.0	0.008121827411167513	0.009137055837563452	0.0	0.12791878172588833	0.5390862944162437	0.0	0.08527918781725888
