GPTjudgedasHallu	IsHallucination	0	1
0	0	0.985279685966634	0.014720314033366046
0	1	0.9942857142857143	0.005714285714285714
1	0	0.9916839916839917	0.008316008316008316
1	1	0.99875	0.00125
