GPTjudgedasHallu	IsHallucination	0	1
0	0	0.7600872410032715	0.23991275899672845
0	1	1.0	0.0
1	0	0.937007874015748	0.06299212598425197
1	1	1.0	0.0
