GPTjudgedasHallu	IsHallucination	1	2	3	4	5	7	8	9	11	12
0	0	0.027183342972816656	0.009253903990746095	0.0	0.002313475997686524	0.0	0.0	0.002313475997686524	0.000578368999421631	0.0	0.9583574320416426
0	1	0.0	0.0	0.0	0.0	0.0	0.0	0.0	0.0	0.0	1.0
1	0	0.5065502183406113	0.06768558951965066	0.008733624454148471	0.05240174672489083	0.039301310043668124	0.06550218340611354	0.15065502183406113	0.0	0.010917030567685589	0.0982532751091703
1	1	0.14713216957605985	0.1633416458852868	0.0	0.19451371571072318	0.02743142144638404	0.006234413965087282	0.45885286783042395	0.0	0.0	0.0024937655860349127
