GPTjudgedasHallu	IsHallucination	0	1
0	0	0.678763440860215	0.32123655913978494
0	1	0.9567307692307693	0.04326923076923077
1	0	0.9166666666666666	0.08333333333333333
1	1	1.0	0.0
