GPTjudgedasHallu	IsHallucination	1	2	3	4	5	6	7	8	9	10	11	12
0	0	0.0446985446985447	0.008316008316008316	0.0	0.0	0.0010395010395010396	0.0	0.0	0.0010395010395010396	0.0	0.0	0.0010395010395010396	0.9438669438669439
0	1	0.10810810810810811	0.0	0.0	0.0	0.0	0.0	0.009009009009009009	0.0	0.0	0.0	0.0	0.8828828828828829
1	0	0.7676579925650557	0.055762081784386616	0.007434944237918215	0.0018587360594795538	0.03345724907063197	0.0	0.01486988847583643	0.06319702602230483	0.0018587360594795538	0.03531598513011153	0.0055762081784386614	0.013011152416356878
1	1	0.21454283657307416	0.18430525557955363	0.0028797696184305254	0.005759539236861051	0.04967602591792657	0.007919366450683946	0.022318214542836574	0.48020158387329015	0.0007199424046076314	0.022318214542836574	0.007199424046076314	0.0021598272138228943
