GPTjudgedasHallu	IsHallucination	1	2	3	4	5	7	8	12
0	0	0.0030211480362537764	0.0	0.0	0.0	0.0	0.0030211480362537764	0.0	0.9939577039274925
0	1	0.0	0.0	0.0	0.0	0.0	0.0	0.0	1.0
1	0	0.5	0.027777777777777776	0.0	0.009259259259259259	0.0	0.037037037037037035	0.1388888888888889	0.28703703703703703
1	1	0.6438356164383562	0.06164383561643835	0.00684931506849315	0.0136986301369863	0.0136986301369863	0.0136986301369863	0.136986301369863	0.1095890410958904
