GPTjudgedasHallu	IsHallucination	0	1
0	0	0.6953125	0.3046875
0	1	0.9047619047619048	0.09523809523809523
1	0	0.9839228295819936	0.01607717041800643
1	1	0.9948717948717949	0.005128205128205128
